{"cameraMode":{"drawMode":0,"name":"Shaded","section":"Shading Mode"},"sceneLighting":false,"audioPlay":false,"sceneViewState":{"showFog":true,"showMaterialUpdate":true,"showSkybox":true,"showFlares":true,"showImageEffects":true,"showParticleSystems":true},"in2DMode":false,"pivot":{"x":0.039999961853027347,"y":1.7350001335144044,"z":-0.02270108461380005},"rotation":{"x":-0.012625465169548989,"y":0.881219208240509,"z":-0.4719540774822235,"w":-0.02351102977991104},"size":9.039482116699219,"orthographic":false}