{"cameraMode":{"drawMode":0,"name":"Shaded","section":"Shading Mode"},"sceneLighting":true,"audioPlay":false,"sceneViewState":{"showFog":true,"showMaterialUpdate":true,"showSkybox":true,"showFlares":true,"showImageEffects":true,"showParticleSystems":true},"in2DMode":false,"pivot":{"x":11.33237075805664,"y":8.011637687683106,"z":-0.5493850708007813},"rotation":{"x":0.37575143575668337,"y":0.12234415113925934,"z":-0.05010998249053955,"w":0.9172414541244507},"size":205.93150329589845,"orthographic":false}