{"cameraMode":{"drawMode":0,"name":"Shaded","section":"Shading Mode"},"sceneLighting":false,"audioPlay":false,"sceneViewState":{"showFog":true,"showMaterialUpdate":true,"showSkybox":true,"showFlares":true,"showImageEffects":true,"showParticleSystems":true},"in2DMode":false,"pivot":{"x":0.00011396408081054688,"y":1.8400001525878907,"z":-0.05516618490219116},"rotation":{"x":0.001219972618855536,"y":-0.8916563391685486,"z":0.4527050256729126,"w":0.0024036974646151067},"size":9.440289497375489,"orthographic":true}