{"cameraMode":{"drawMode":0,"name":"Shaded","section":"Shading Mode"},"sceneLighting":true,"audioPlay":false,"sceneViewState":{"showFog":true,"showMaterialUpdate":true,"showSkybox":true,"showFlares":true,"showImageEffects":true,"showParticleSystems":true},"in2DMode":false,"pivot":{"x":-0.11275628954172135,"y":3.5790772438049318,"z":-0.4325231611728668},"rotation":{"x":0.35308879613876345,"y":-0.1054932028055191,"z":0.04010658711194992,"w":0.9287577867507935},"size":8.606274604797364,"orthographic":true}