{"cameraMode":{"drawMode":0,"name":"Shaded","section":"Shading Mode"},"sceneLighting":true,"audioPlay":false,"sceneViewState":{"showFog":true,"showMaterialUpdate":true,"showSkybox":true,"showFlares":true,"showImageEffects":true,"showParticleSystems":true},"in2DMode":false,"pivot":{"x":-1.1151847839355469,"y":4.751087188720703,"z":-13.328861236572266},"rotation":{"x":-0.0046868883073329929,"y":-0.9883611798286438,"z":0.1487681120634079,"w":-0.03143664076924324},"size":36.920310974121097,"orthographic":false}